CRM Name,Website,Pricing Model,Starting Price (USD/mo),Free Trial,WhatsApp Native,Instagram DM Native,Facebook Messenger Native,Email Integration,SMS Integration,Unified Inbox,Multi-agent Support,Broadcast/Mass Messaging,Chatbot/Flow Builder,AI Lead Scoring,AI Predictive Revenue,Behavioral Profiling (DNA),Engagement Heatmap,Auto-tagging by AI,Sentiment Analysis,Conversation Analytics,Pipeline/Kanban,Custom Fields,Custom Pipelines,Workflow Automation,Webhooks/API,Zapier/Make Integration,Native Integrations Count,Mobile App (iOS/Android),Dark Mode,White Label/Custom Branding,SSO/SAML,Role-based Access,GDPR/CCPA Compliance,Data Export,On-premise Option,Support Level (Email/Chat/Phone/Dedicated),Implementation Time (days),Best For (SMB/Mid/Enterprise),G2 Rating,Capterra Rating,Strengths,Weaknesses,Notes
NexaCore (Nosso),https://nexacore.com,Custom/SaaS,-,Sim,Sim,Sim,Não,Sim,Sim,Sim,Sim,Sim,Sim,Sim,Sim,Sim (6 eixos),Sim (30d),Sim,Sim,Sim,Sim,Sim,Sim,Sim,Sim,-,Sim,Sim,Sim,Sim,Sim,Sim,Sim,Sim,Dedicated,0,SMB/Mid,-,-,DNA comportamental único; Heatmap visual; Score preditivo R$; UI premium,Early stage; Sem marketplace; Sem app mobile nativo,"Nosso baseline"
Kommo,https://kommo.com,Per user/mo,$15,14 dias,Sim,Sim,Sim,Sim,Sim,Sim,Sim,Sim,Sim,Sim,Não,Não,Parcial,Sim,Sim,Sim,Sim,Sim,Sim,300+,Sim,Sim,Sim,Sim,Sim,Sim,Sim,Chat/Email,7-14,SMB/Mid,4.5,4.6,"WhatsApp nativo forte; Pipeline visual; Automações robustas; Preço acessível",IA limitada; Sem DNA comportamental; UI datada,"Líder em WhatsApp CRM"
HubSpot Sales Hub,https://hubspot.com,Per user/mo,$50,14 dias,Via integração,Via integração,Via integração,Sim,Sim,Sim,Sim,Sim,Sim (Breeze AI),Sim,Não,Não,Sim,Sim,Sim,Sim,Sim,Sim,1000+,Sim,Sim,Sim,Sim,Sim,Sim,Sim,Chat/Phone/Dedicated,30-90,Mid/Enterprise,4.4,4.5,"Ecossistema completo; IA nativa forte; Integrações infinitas; Escalável",Caro; WhatsApp não nativo; Complexo para SMB,"Referência enterprise"
Pipedrive,https://pipedrive.com,Per user/mo,$14,14 dias,Via Marketplace,Via Marketplace,Via Marketplace,Sim,Sim,Sim,Sim,Sim,Sim (Smart Docs),Sim,Não,Não,Parcial,Sim,Sim,Sim,Sim,Sim,400+,Sim,Sim,Não,Sim,Sim,Sim,Sim,Chat/Email,7-21,SMB/Mid,4.2,4.5,"Pipeline visual #1; Fácil uso; Preço bom; API sólida",WhatsApp/IG não nativos; IA básica; Sem unified inbox,"Melhor pipeline visual"
Zendesk Sell,https://zendesk.com/sell,Per user/mo,$19,14 dias,Via Sunshine,Via Sunshine,Via Sunshine,Sim,Sim,Sim,Sim,Sim,Sim,Sim,Não,Não,Parcial,Sim,Sim,Sim,Sim,Sim,1000+,Sim,Sim,Sim,Sim,Sim,Sim,Sim,Chat/Phone/Dedicated,14-30,Mid/Enterprise,4.2,4.3,"Sunshine Conversations poderoso; Suporte + vendas unificados; Enterprise ready",Caro; Setup complexo; IA não é foco,"Forte em suporte+vendas"
Freshsales,https://freshworks.com/freshsales,Per user/mo,$9,21 dias,Via integração,Via integração,Via integração,Sim,Sim,Sim,Sim,Sim,Sim (Freddy AI),Sim,Não,Não,Sim,Sim,Sim,Sim,Sim,100+,Sim,Sim,Não,Sim,Sim,Sim,Sim,Chat/Email/Phone,7-14,SMB/Mid,4.5,4.5,"Freddy AI bom; Preço acessível; UI moderna; Bom custo-benefício",WhatsApp/IG não nativos; Menos integrações; Automações limitadas,"Melhor custo-benefício IA"
ManyChat,https://manychat.com,Per contact/mo,$15,Grátis (limitado),Sim,Sim,Sim,Sim,Sim,Sim,Sim,Sim (Visual),Não,Não,Não,Não,Não,Não,Sim,Não,Não,Não,Sim,50+,Sim,Não,Não,Não,Não,Sim,Chat/Email,1-7,SMB,4.6,4.7,"Automação IG/WhatsApp #1; Flow builder visual; Marketing conversacional",Não é CRM tradicional; Sem pipeline; Sem scoring,"Foco marketing, não vendas"
Respond.io,https://respond.io,Per user/mo,$79,14 dias,Sim,Sim,Sim,Sim,Sim,Sim,Sim,Sim,Sim,Não,Não,Não,Sim,Sim,Sim,Sim,Sim,100+,Sim,Sim,Sim,Sim,Sim,Sim,Sim,Chat/Email/Dedicated,7-14,Mid/Enterprise,4.7,4.8,"Omnichannel verdadeiro; Multi-canal nativo; API flexível; White label",Caro; Sem IA preditiva; Sem DNA; Foco inbox,"Melhor unified inbox"
WATI,https://wati.io,Per user/mo,$49,7 dias,Sim,Não,Não,Sim,Sim,Sim,Sim,Sim,Não,Não,Não,Não,Não,Sim,Sim,Não,Não,Não,50+,Sim,Sim,Não,Sim,Sim,Sim,Sim,Chat/Email,7-14,SMB,4.6,4.7,"WhatsApp Business API oficial; Broadcast forte; Templates aprovados",Só WhatsApp; Sem IG; Sem IA; Sem pipeline,"Especialista WhatsApp"
Salesforce Sales Cloud,https://salesforce.com,Per user/mo,$25,30 dias,Via Digital Engagement,Via Digital Engagement,Via Digital Engagement,Sim,Sim,Sim,Sim,Sim,Sim (Einstein),Sim,Não,Não,Sim,Sim,Sim,Sim,Sim,3000+,Sim,Sim,Sim,Sim,Sim,Sim,Sim,Phone/Dedicated,90-180,Enterprise,4.3,4.4,"Einstein AI poderoso; Ecossistema infinito; Enterprise grade; Customização total",Muito caro; Complexo; Overkill para SMB; Setup lento,"Padrão enterprise"
ActiveCampaign,https://activecampaign.com,Per contact/mo,$29,14 dias,Via integração,Via integração,Via integração,Sim,Sim,Sim,Sim,Sim,Sim,Sim,Não,Não,Sim,Sim,Sim,Sim,Sim,870+,Sim,Sim,Não,Sim,Sim,Sim,Sim,Chat/Email/Phone,14-30,SMB/Mid,4.5,4.6,"Automação marketing #1; Email + CRM unificado; Site tracking",WhatsApp/IG não nativos; Não é CRM conversacional,"Marketing automation + CRM"
Bitrix24,https://bitrix24.com,Flat/Freemium,$0-49,Grátis (plano free),Sim,Sim,Sim,Sim,Sim,Sim,Sim,Sim,Sim,Não,Não,Não,Não,Sim,Sim,Sim,Sim,Sim,100+,Sim,Sim,Sim,Sim,Sim,Sim,Sim,Chat/Email,7-21,SMB,4.1,4.2,"Plano grátis generoso; Tudo-em-um (CRM+Tasks+Chat+Drive); Self-hosted opcional",UI complexa; IA fraca; WhatsApp limitado no free,"Melhor grátis/self-hosted"
Close,https://close.com,Per user/mo,$49,14 dias,Via integração,Via integração,Não,Sim,Sim (built-in),Sim,Sim,Não,Sim,Sim,Não,Não,Parcial,Sim,Sim,Sim,Sim,Sim,100+,Sim,Sim,Não,Sim,Sim,Sim,Sim,Chat/Email,7-14,SMB/Mid,4.6,4.7,"Built-in calling/SMS/email; Foco inside sales; Velocidade; UX excelente",Sem WhatsApp/IG nativos; Sem IA preditiva; Caro,"Melhor para inside sales calling"
Attio,https://attio.com,Per user/mo,$20,14 dias,Não,Não,Não,Sim,Sim,Sim,Sim,Não,Sim,Sim,Não,Não,Não,Sim,Sim,Sim,Sim,Sim,50+,Sim,Sim,Não,Sim,Sim,Sim,Sim,Chat/Email,7-14,SMB/Mid,4.7,4.8,"UI moderna/notion-like; Flexível; Relacional; API first",Sem WhatsApp/IG; Sem IA; Early stage,"Novo, design-first"
Folk,https://folk.app,Per user/mo,$18,14 dias,Não,Não,Não,Sim,Sim,Sim,Sim,Não,Sim,Não,Não,Não,Não,Sim,Sim,Sim,Sim,Sim,50+,Sim,Sim,Não,Não,Sim,Sim,Sim,Chat/Email,7-14,SMB,4.6,4.7,"UI limpa; Colaboração; Extensão Chrome; Simples",Sem WhatsApp/IG; Sem IA; Sem pipeline visual,"Leve, colaborativo"