CRM Name,Website,Pricing Model,Starting Price (USD/mo),Free Trial,WhatsApp Native,Instagram DM Native,Facebook Messenger Native,Email Integration,SMS Integration,Unified Inbox,Multi-agent Support,Broadcast/Mass Messaging,Chatbot/Flow Builder,AI Lead Scoring,AI Predictive Revenue,Behavioral Profiling (DNA),Engagement Heatmap,Auto-tagging by AI,Sentiment Analysis,Conversation Analytics,Pipeline/Kanban,Custom Fields,Custom Pipelines,Workflow Automation,Webhooks/API,Zapier/Make Integration,Native Integrations Count,Mobile App (iOS/Android),Dark Mode,White Label/Custom Branding,SSO/SAML,Role-based Access,GDPR/CCPA Compliance,Data Export,On-premise Option,Support Level,Implementation Time (days),Best For (SMB/Mid/Enterprise),G2 Rating,Capterra Rating,Strengths,Weaknesses,Notes
NexaCore CRM,https://nexacore.app,Freemium + Usage,49,14 dias,Sim,Sim,Sim,Sim,Sim,Sim,Sim,Sim,Sim (Visual),Sim (0-100),Sim (R$),Sim (6 eixos),Sim (30d),Sim,Sim,Sim,Sim,Sim,Sim (múltiplos),Sim (Visual nativo),Sim,200+,Sim,Sim,Sim,Sim,Sim,Sim,Sim,Sim,Não,Dedicado (Slack/Email),7,SMB/Mid,4.8,4.9,"WhatsApp/IG nativos + IA preditiva + DNA comportamental + Heatmap + White-label + Preço acessível","Recém-lançado; menos integrações nativas que HubSpot","Único com DNA comportamental 6 eixos + Heatmap 30d + Valor predito em R$"
HubSpot CRM,https://hubspot.com,Freemium,0 (Starter $15),14 dias,Não (Via integração),Não (Via integração),Não (Via integração),Sim,Nativo (Marketing Hub),Parcial (Inbox),Sim,Sim (Marketing Hub),Sim (Visual),Sim (Predictive Lead Scoring),Não,Não,Não,Sim (Breeze AI),Sim,Sim,Sim,Sim,Sim,Sim,Sim,1000+,Sim,Sim,Não (Apenas Enterprise),Sim (Enterprise),Sim,Sim,Sim,Sim,Não,Email/Chat/Phone (por plano),30-90,SMB/Mid/Enterprise,4.4,4.5,"Ecossistema completo (Marketing+Sales+Service) + Marketplace enorme + Brand forte","WhatsApp/IG não nativos (precisa Sunshine/Inbox $300+/mês) + Caro para escalar + IA limitada ao Breeze","WhatsApp via Sunshine Conversations ($$$) ou integrações 3rd party"
Pipedrive,https://pipedrive.com,Per user,14,14 dias,Não (Via Marketplace),Não,Não,Sim,Nativo (add-on),Não,Não,Não (Via Marketplace),Sim (Visual),Sim (Smart Contact Data),Não,Não,Não,Não,Sim,Sim,Sim,Sim,Sim,Sim,400+,Sim,Sim,Não,Não (Apenas Advanced+),Sim,Sim,Sim,Não,Email/Chat,7-14,SMB/Mid,4.2,4.5,"Pipeline visual #1 + Fácil adoção + Preço acessível + Automações nativas","Sem WhatsApp/IG/SMS nativos + Sem IA preditiva + Sem unified inbox","WhatsApp via Zapier/Make ou Marketplace apps"
Salesforce Sales Cloud,https://salesforce.com,Per user,25,30 dias,Não (Via Digital Engagement),Não (Via Digital Engagement),Não (Via Digital Engagement),Sim,Nativo,Sim (Service Cloud),Sim,Sim (Einstein Bots),Sim (Einstein Lead Scoring),Sim (Einstein Forecasting),Não,Não,Sim,Sim,Sim,Sim,Sim,Sim,Sim,3000+,Sim,Sim,Sim,Sim,Sim,Sim,Sim,Sim,Sim,Phone/Chat/Premier,90-180+,Enterprise,4.3,4.4,"Enterprise grade + Einstein AI + Ecossistema imenso + Customização total","Caro + Complexo + WhatsApp/IG via Digital Engagement ($$$) + Overkill para SMB","Digital Engagement = $75/user/mês + setup complexo"
Zoho CRM,https://zoho.com,Per user,14,15 dias,Sim (Zoho Desk/WhastApp),Sim (Zoho Social),Sim,Sim,Nativo,Sim,Sim,Sim (Visual),Sim (Zia AI),Sim (Zia Forecasting),Não,Não,Parcial,Sim,Sim,Sim,Sim,Sim,Sim,800+,Sim,Sim,Sim (Enterprise),Sim,Sim,Sim,Sim,Não,Email/Chat/Phone,14-30,SMB/Mid,4.1,4.3,"WhatsApp nativo (Zoho Desk) + Preço imbatível + Suite completa (40+ apps) + Zia AI","UI datada + WhatsApp/IG não unificados no CRM core + IA básica","WhatsApp via Zoho Desk (canal separado); IG via Zoho Social"
Bitrix24,https://bitrix24.com,Freemium + Per user,0 (Start $49),30 dias,Sim (Nativo),Sim (Nativo),Sim,Sim,Nativo,Sim,Sim,Sim (Visual),Não,Não,Não,Não,Não,Não,Sim,Sim,Sim,Sim,Sim,100+,Sim,Sim,Sim (Professional+),Sim,Sim,Sim,Sim,Sim,Chat/Email,7-14,SMB/Mid,4.1,4.2,"Tudo-em-um grátis (CRM+Tasks+Chat+Sites) + WhatsApp/IG/Telegram nativos + On-premise opcional","UI complexa + Sem IA preditiva + Performance instável + Suporte limitado","Único com on-premise self-hosted grátis + WhatsApp/IG/Telegram/VK nativos no free"
ActiveCampaign,https://activecampaign.com,Per contact,15 (1k contacts),14 dias,Não (Via integração),Não,Não,Sim (Core),Nativo,Parcial (Conversations),Sim,Não,Sim (Visual),Sim (Predictive Sending),Não,Não,Não,Sim,Sim,Sim,Sim,Sim,Sim,850+,Sim,Sim,Não,Não,Sim,Sim,Sim,Não,Email/Chat/Phone (por plano),14-30,SMB/Mid,4.5,4.6,"Automação de marketing #1 + Entregabilidade email + Site tracking + Preço por contatos","Sem WhatsApp/IG/SMS nativos + Sem pipeline visual forte + Sem IA para vendas","Foco em marketing automation, não sales CRM"
Close,https://close.com,Per user,49,14 dias,Não (Via integração),Não,Não,Sim,Nativo (Built-in),Não,Não,Não,Não,Não,Não,Não,Não,Não,Sim,Sim,Sim,Sim,Sim,50+,Sim,Sim,Não,Não,Sim,Sim,Sim,Não,Email/Chat,7-14,SMB/Mid,4.7,4.8,"Built-in calling/SMS/email + Velocidade + UX sales-first + Previsível","Sem WhatsApp/IG + Sem IA + Sem pipeline visual (lista apenas) + Sem automações complexas","Melhor para inside sales outbound puro (cold call/email/SMS)"
Freshsales (Freshworks),https://freshworks.com,Per user,9,21 dias,Sim (Freshchat),Sim (Freshchat),Sim,Sim,Nativo,Sim,Sim,Sim (Visual),Sim (Freddy AI),Sim (Freddy Forecasting),Não,Não,Parcial,Sim,Sim,Sim,Sim,Sim,Sim,100+,Sim,Sim,Não,Sim (Enterprise),Sim,Sim,Sim,Não,Email/Chat/Phone,14-21,SMB/Mid,4.5,4.5,"Freddy AI + WhatsApp/IG via Freshchat + Preço acessível + Suite integrada","WhatsApp/IG no Freshchat (produto separado) + IA menos avançada que Salesforce/HubSpot","Freshchat = $15/agent/mês adicional para WhatsApp/IG"
Zendesk Sell,https://zendesk.com,Per user,19,14 dias,Não (Via Sunshine),Não (Via Sunshine),Não (Via Sunshine),Sim,Nativo,Sim,Sim,Não,Não,Não,Não,Não,Não,Sim,Sim,Sim,Sim,Sim,1000+,Sim,Sim,Não,Sim (Enterprise),Sim,Sim,Sim,Não,Email/Chat/Phone,30-60,Mid/Enterprise,4.2,4.3,"Integração nativa Zendesk Support + Sunshine para omnichannel + Enterprise ready","WhatsApp/IG via Sunshine ($$$) + Sem IA nativa + Caro para features básicas","Sunshine Conversations = plataforma separada cara"
Monday CRM,https://monday.com,Per seat,12,14 dias,Não (Via integração),Não,Não,Sim,Nativo,Sim,Sim,Não,Sim (Visual),Não,Não,Não,Não,Não,Sim,Sim,Sim,Sim,Sim,200+,Sim,Sim,Não,Sim (Enterprise),Sim,Sim,Sim,Não,Email/Chat,7-14,SMB/Mid,4.6,4.6,"UX moderna + Visual + Flexível (work OS) + Automações fáceis","Sem WhatsApp/IG/SMS/Calling nativos + Sem IA sales + Não é CRM nativo","Bom para pós-venda/CS + projetos; fraco para prospecção ativa"
Attio,https://attio.com,Per seat,0 (Pro $18),14 dias,Não,Não,Não,Sim,Não,Não,Não,Não,Não,Não,Não,Não,Não,Não,Sim,Sim,Sim,Sim,Sim,50+,Sim,Sim,Sim (Pro+),Não,Sim,Sim,Sim,Não,Email/Chat,7,SMB/Mid,4.7,4.8,"UX notável + Relacionamentos (graph) + Sync bidirecional email/calendário + Notion-like","Sem WhatsApp/IG/Calling + Sem IA + Sem pipeline kanban clássico + Early stage","Para equipes técnicas/ops que querem flexibilidade total"
Folk,https://folk.app,Per seat,0 (Pro $18),14 dias,Não,Não,Não,Sim,Não,Não,Não,Não,Não,Não,Não,Não,Não,Não,Sim,Sim,Sim,Sim,Sim,50+,Sim,Sim,Não,Não,Sim,Sim,Sim,Não,Email/Chat,7,SMB,4.8,4.9,"UX leve + Extensão Chrome poderosa + Enrichment automático + Colaboração","Sem WhatsApp/IG/Calling + Sem IA + Sem pipeline + Sem automações + Não escala","Melhor para networking/VC/recruiting; não para sales team"
Copper,https://copper.com,Per user,23,14 dias,Não,Não,Não,Sim (Gmail nativo),Não,Sim,Sim,Não,Não,Não,Não,Não,Não,Não,Sim,Sim,Sim,Sim,Sim,100+,Sim,Sim,Não,Sim (Business+),Sim,Sim,Sim,Não,Email/Chat/Phone,14-30,SMB/Mid (Google Workspace),4.4,4.5,"Integração Gmail/Workspace profunda + Zero data entry + Simples","Apenas Google Workspace + Sem WhatsApp/IG + Sem IA + Sem SMS/Calling","Vendor lock-in Google; excelente se 100% Workspace"
Nimble,https://nimble.com,Per user,25,14 dias,Não,Não,Não,Sim,Não,Sim,Não,Não,Não,Não,Não,Não,Não,Não,Sim,Sim,Sim,Sim,Sim,100+,Sim,Sim,Não,Não,Sim,Sim,Sim,Não,Email/Chat,7-14,SMB,4.3,4.4,"Social enrichment automático (LinkedIn/Twitter) + Simples + Contato unificado","Sem WhatsApp/IG/Calling + Sem IA + Sem pipeline + Sem automações + UI datada","Foco em relationship intelligence via social profiles"
Insightly,https://insightly.com,Per user,29,14 dias,Não,Não,Não,Sim,Nativo,Parcial,Não,Não,Não,Não,Não,Não,Não,Não,Sim,Sim,Sim,Sim,Sim,1000+,Sim,Sim,Não,Sim (Enterprise),Sim,Sim,Sim,Não,Email/Chat/Phone,30-60,Mid/Enterprise,4.1,4.2,"Project management pós-venda + Marketing automation + Enterprise compliance","Sem WhatsApp/IG + Sem IA + Caro + UI complexa","Forte para AEC/consultoria com project delivery pós-venda"
Less Annoying CRM,https://lessannoyingcrm.com,Per user,15,30 dias,Não,Não,Não,Sim,Não,Não,Não,Não,Não,Não,Não,Não,Não,Não,Sim,Sim,Não,Sim,Não,10+,Sim,Sim,Não,Não,Sim,Sim,Sim,Não,Email/Chat,1,SMB,4.9,4.9,"Simplicidade extrema + Preço fixo $15 + Suporte humano + Sem contratos","Sem WhatsApp/IG/Calling/IA/Automações/Pipeline visual/Integrações","Para micro/pequenas que só querem lista contatos + tarefas"
OnePageCRM,https://onepagecrm.com,Per user,9.95,14 dias,Não,Não,Não,Sim,Não,Não,Não,Não,Não,Não,Não,Não,Não,Não,Sim,Sim,Não,Sim,Sim,50+,Sim,Sim,Não,Não,Sim,Sim,Sim,Não,Email/Chat,7,SMB,4.6,4.7,"Action-focused (next action) + Simples + Barato + Gamificação","Sem WhatsApp/IG/Calling/IA/Automações/Integrações profundas","Metodologia 'Next Action' GTD para sales"
Streak,https://streak.com,Per user,0 (Pro $49),14 dias,Não,Não,Não,Sim (Gmail),Não,Sim,Sim,Não,Não,Não,Não,Não,Não,Não,Sim,Sim,Sim,Sim,Sim,50+,Sim (Gmail),Sim,Não,Sim (Enterprise),Sim,Sim,Sim,Não,Email/Chat,1,SMB/Mid (Gmail),4.5,4.6,"Dentro do Gmail + Pipeline no inbox + Email tracking + Sharing","Apenas Gmail + Sem WhatsApp/IG/Calling/IA + Limited outside email","Para quem vive no Gmail; não substitui CRM standalone"